Workbook

Sheet Products
A1: ProductID | B1: ProductName | C1: Category | D1: UnitPrice | F1: Search product name | G1: ProductID
A2: 101 | B2: Laptop | C2: Electronics | D2: 850 | F2: =B4 -> Keyboard | G2: =_xlfn.XLOOKUP(F2,$B$1:$B$9,$A$1:$A$9,"not found") -> 103
A3: =A2+1 -> 102 | B3: Mouse | C3: Electronics | D3: 25 | F3: Monitor | G3: =_xlfn.XLOOKUP(F3,$B$1:$B$9,$A$1:$A$9,"not found") -> 104
A4: =A3+1 -> 103 | B4: Keyboard | C4: Electronics | D4: 45 | F4: Laptop | G4: =_xlfn.XLOOKUP(F4,$B$1:$B$9,$A$1:$A$9,"not found") -> 101
A5: =A4+1 -> 104 | B5: Monitor | C5: Electronics | D5: 220 | F5: Desk | G5: =_xlfn.XLOOKUP(F5,$B$1:$B$9,$A$1:$A$9,"not found") -> 105
A6: =A5+1 -> 105 | B6: Desk | C6: Furniture | D6: 310 | F6: Pen Pack | G6: =_xlfn.XLOOKUP(F6,$B$1:$B$9,$A$1:$A$9,"not found") -> 108
A7: =A6+1 -> 106 | B7: Chair | C7: Furniture | D7: 180 | F7: Computer | G7: =_xlfn.XLOOKUP(F7,$B$1:$B$9,$A$1:$A$9,"not found") -> not found
A8: =A7+1 -> 107 | B8: Notebook | C8: Stationery | D8: 4 | F8: Notebook | G8: =_xlfn.XLOOKUP(F8,$B$1:$B$9,$A$1:$A$9,"not found") -> 107
A9: =A8+1 -> 108 | B9: Pen Pack | C9: Stationery | D9: 8 | F9: Copybook | G9: =_xlfn.XLOOKUP(F9,$B$1:$B$9,$A$1:$A$9,"not found") -> not found

Sheet Orders
A1: OrderID | B1: Date | C1: ProductID | D1: Quantity | E1: ProductName | F1: Category | G1: UnitPrice | H1: Total | I1: Status
A2: 1001 | B2: 46266 | C2: 102 | D2: 3 | E2: =_xlfn.XLOOKUP(C2,Products!$A$2:$A$9,Products!$B$2:$B$9,"Not found") -> Mouse | F2: =_xlfn.XLOOKUP(C2,Products!$A$2:$A$9,Products!$C$2:$C$9,"Not found") -> Electronics | G2: =_xlfn.XLOOKUP(C2,Products!$A$2:$A$9,Products!$D$2:$D$9,"") -> 25 | H2: =D2*G2 -> 75 | I2: =IF(E2="NOT FOUND","Missing Product","OK") -> OK
A3: =A2+1 -> 1002 | B3: 46266 | C3: 105 | D3: 1 | E3: =_xlfn.XLOOKUP(C3,Products!$A$2:$A$9,Products!$B$2:$B$9,"Not found") -> Desk | F3: =_xlfn.XLOOKUP(C3,Products!$A$2:$A$9,Products!$C$2:$C$9,"Not found") -> Furniture | G3: =_xlfn.XLOOKUP(C3,Products!$A$2:$A$9,Products!$D$2:$D$9,"") -> 310 | H3: =D3*G3 -> 310 | I3: =IF(E3="NOT FOUND","Missing Product","OK") -> OK
A4: =A3+1 -> 1003 | B4: 46267 | C4: 101 | D4: 2 | E4: =_xlfn.XLOOKUP(C4,Products!$A$2:$A$9,Products!$B$2:$B$9,"Not found") -> Laptop | F4: =_xlfn.XLOOKUP(C4,Products!$A$2:$A$9,Products!$C$2:$C$9,"Not found") -> Electronics | G4: =_xlfn.XLOOKUP(C4,Products!$A$2:$A$9,Products!$D$2:$D$9,"") -> 850 | H4: =D4*G4 -> 1700 | I4: =IF(E4="NOT FOUND","Missing Product","OK") -> OK
A5: =A4+1 -> 1004 | B5: 46268 | C5: 108 | D5: 10 | E5: =_xlfn.XLOOKUP(C5,Products!$A$2:$A$9,Products!$B$2:$B$9,"Not found") -> Pen Pack | F5: =_xlfn.XLOOKUP(C5,Products!$A$2:$A$9,Products!$C$2:$C$9,"Not found") -> Stationery | G5: =_xlfn.XLOOKUP(C5,Products!$A$2:$A$9,Products!$D$2:$D$9,"") -> 8 | H5: =D5*G5 -> 80 | I5: =IF(E5="NOT FOUND","Missing Product","OK") -> OK
A6: =A5+1 -> 1005 | B6: 46268 | C6: 104 | D6: 1 | E6: =_xlfn.XLOOKUP(C6,Products!$A$2:$A$9,Products!$B$2:$B$9,"Not found") -> Monitor | F6: =_xlfn.XLOOKUP(C6,Products!$A$2:$A$9,Products!$C$2:$C$9,"Not found") -> Electronics | G6: =_xlfn.XLOOKUP(C6,Products!$A$2:$A$9,Products!$D$2:$D$9,"") -> 220 | H6: =D6*G6 -> 220 | I6: =IF(E6="NOT FOUND","Missing Product","OK") -> OK
A7: =A6+1 -> 1006 | B7: 46269 | C7: 106 | D7: 2 | E7: =_xlfn.XLOOKUP(C7,Products!$A$2:$A$9,Products!$B$2:$B$9,"Not found") -> Chair | F7: =_xlfn.XLOOKUP(C7,Products!$A$2:$A$9,Products!$C$2:$C$9,"Not found") -> Furniture | G7: =_xlfn.XLOOKUP(C7,Products!$A$2:$A$9,Products!$D$2:$D$9,"") -> 180 | H7: =D7*G7 -> 360 | I7: =IF(E7="NOT FOUND","Missing Product","OK") -> OK
A8: =A7+1 -> 1007 | B8: 46270 | C8: 103 | D8: 4 | E8: =_xlfn.XLOOKUP(C8,Products!$A$2:$A$9,Products!$B$2:$B$9,"Not found") -> Keyboard | F8: =_xlfn.XLOOKUP(C8,Products!$A$2:$A$9,Products!$C$2:$C$9,"Not found") -> Electronics | G8: =_xlfn.XLOOKUP(C8,Products!$A$2:$A$9,Products!$D$2:$D$9,"") -> 45 | H8: =D8*G8 -> 180 | I8: =IF(E8="NOT FOUND","Missing Product","OK") -> OK
A9: =A8+1 -> 1008 | B9: 46270 | C9: 999 | D9: 1 | E9: =_xlfn.XLOOKUP(C9,Products!$A$2:$A$9,Products!$B$2:$B$9,"Not found") -> Not found | F9: =_xlfn.XLOOKUP(C9,Products!$A$2:$A$9,Products!$C$2:$C$9,"Not found") -> Not found | G9: =_xlfn.XLOOKUP(C9,Products!$A$2:$A$9,Products!$D$2:$D$9,"0") -> 0 | H9: =D9*G9 -> 0 | I9: =IF(E9="NOT FOUND","Missing Product","OK") -> Missing Product
A10: =A9+1 -> 1009 | B10: 46271 | C10: 107 | D10: 20 | E10: =_xlfn.XLOOKUP(C10,Products!$A$2:$A$9,Products!$B$2:$B$9,"Not found") -> Notebook | F10: =_xlfn.XLOOKUP(C10,Products!$A$2:$A$9,Products!$C$2:$C$9,"Not found") -> Stationery | G10: =_xlfn.XLOOKUP(C10,Products!$A$2:$A$9,Products!$D$2:$D$9,"") -> 4 | H10: =D10*G10 -> 80 | I10: =IF(E10="NOT FOUND","Missing Product","OK") -> OK
A11: =A10+1 -> 1010 | B11: 46272 | C11: 101 | D11: 1 | E11: =_xlfn.XLOOKUP(C11,Products!$A$2:$A$9,Products!$B$2:$B$9,"Not found") -> Laptop | F11: =_xlfn.XLOOKUP(C11,Products!$A$2:$A$9,Products!$C$2:$C$9,"Not found") -> Electronics | G11: =_xlfn.XLOOKUP(C11,Products!$A$2:$A$9,Products!$D$2:$D$9,"") -> 850 | H11: =D11*G11 -> 850 | I11: =IF(E11="NOT FOUND","Missing Product","OK") -> OK
A12: =A11+1 -> 1011 | B12: 46273 | C12: 102 | D12: 5 | E12: =_xlfn.XLOOKUP(C12,Products!$A$2:$A$9,Products!$B$2:$B$9,"Not found") -> Mouse | F12: =_xlfn.XLOOKUP(C12,Products!$A$2:$A$9,Products!$C$2:$C$9,"Not found") -> Electronics | G12: =_xlfn.XLOOKUP(C12,Products!$A$2:$A$9,Products!$D$2:$D$9,"") -> 25 | H12: =D12*G12 -> 125 | I12: =IF(E12="NOT FOUND","Missing Product","OK") -> OK
A13: =A12+1 -> 1012 | B13: 46273 | C13: 110 | D13: 2 | E13: =_xlfn.XLOOKUP(C13,Products!$A$2:$A$9,Products!$B$2:$B$9,"Not found") -> Not found | F13: =_xlfn.XLOOKUP(C13,Products!$A$2:$A$9,Products!$C$2:$C$9,"Not found") -> Not found | G13: =_xlfn.XLOOKUP(C13,Products!$A$2:$A$9,Products!$D$2:$D$9,"0") -> 0 | H13: =D13*G13 -> 0 | I13: =IF(E13="NOT FOUND","Missing Product","OK") -> Missing Product

Sheet Pivot Table
A3: Revenue | B3: Categories
A4: Date | B4: Electronics | C4: Furniture | D4: Not found | E4: Stationery | F4: Grand Total
A5: 46266 | B5: 75 | C5: 310 | F5: 385
A6: 46267 | B6: 1700 | F6: 1700
A7: 46268 | B7: 220 | E7: 80 | F7: 300
A8: 46269 | C8: 360 | F8: 360
A9: 46270 | B9: 180 | D9: 0 | F9: 180
A10: 46271 | E10: 80 | F10: 80
A11: 46272 | B11: 850 | F11: 850
A12: 46273 | B12: 125 | D12: 0 | F12: 125
A13: Grand Total | B13: 3150 | C13: 670 | D13: 0 | E13: 160 | F13: 3980
